{
  "Total" : {
    "transaction" : "Total",
    "sampleCount" : 1000,
    "errorCount" : 53,
    "errorPct" : 5.3,
    "meanResTime" : 1290.4379999999994,
    "medianResTime" : 884.0,
    "minResTime" : 608.0,
    "maxResTime" : 4070.0,
    "pct1ResTime" : 2695.8,
    "pct2ResTime" : 3295.7499999999995,
    "pct3ResTime" : 3870.9300000000003,
    "throughput" : 93.17927692881103,
    "receivedKBytesPerSec" : 650.882091088567,
    "sentKBytesPerSec" : 18.927040626164743
  },
  "HTTP Request" : {
    "transaction" : "HTTP Request",
    "sampleCount" : 1000,
    "errorCount" : 53,
    "errorPct" : 5.3,
    "meanResTime" : 1290.4379999999994,
    "medianResTime" : 884.0,
    "minResTime" : 608.0,
    "maxResTime" : 4070.0,
    "pct1ResTime" : 2695.8,
    "pct2ResTime" : 3295.7499999999995,
    "pct3ResTime" : 3870.9300000000003,
    "throughput" : 93.17927692881103,
    "receivedKBytesPerSec" : 650.882091088567,
    "sentKBytesPerSec" : 18.927040626164743
  }
}